{
    "total_runtime": 502.69732666015625,
    "num_documents": 1,
    "input_load_time": 0,
    "workflows": {
        "create_base_text_units": {
            "overall": 2.2686119079589844,
            "0_orderby": 0.002935171127319336,
            "1_zip": 0.0015709400177001953,
            "2_aggregate_override": 0.003385782241821289,
            "3_chunk": 2.2396278381347656,
            "4_select": 0.002310037612915039,
            "5_unroll": 0.003673076629638672,
            "6_rename": 0.0014579296112060547,
            "7_genid": 0.0022840499877929688,
            "8_unzip": 0.0018551349639892578,
            "9_copy": 0.0015919208526611328,
            "10_filter": 0.0068209171295166016
        },
        "create_base_extracted_entities": {
            "overall": 422.9574410915375,
            "0_entity_extract": 422.9385290145874,
            "1_merge_graphs": 0.01195216178894043,
            "2_snapshot_rows": 0.004839181900024414
        },
        "create_final_covariates": {
            "overall": 0.03710675239562988,
            "0_extract_covariates": 0.018782854080200195,
            "1_window": 0.002682209014892578,
            "2_genid": 0.002537965774536133,
            "3_convert": 0.005471944808959961,
            "4_rename": 0.002621889114379883,
            "5_select": 0.002688884735107422
        },
        "create_summarized_entities": {
            "overall": 6.660224914550781,
            "0_summarize_descriptions": 6.651111125946045,
            "1_snapshot_rows": 0.0061991214752197266
        },
        "join_text_units_to_covariate_ids": {
            "overall": 0.01258707046508789,
            "0_select": 0.0033109188079833984,
            "1_aggregate_override": 0.006127119064331055
        },
        "create_base_entity_graph": {
            "overall": 0.02502298355102539,
            "0_cluster_graph": 0.010329246520996094,
            "1_snapshot_rows": 0.003833770751953125,
            "2_snapshot_rows": 0.003747224807739258,
            "3_select": 0.0036971569061279297
        },
        "create_final_entities": {
            "overall": 6.574383020401001,
            "0_unpack_graph": 0.005527973175048828,
            "1_rename": 0.003906965255737305,
            "2_select": 0.003990888595581055,
            "3_dedupe": 0.004993915557861328,
            "4_rename": 0.004091024398803711,
            "5_filter": 0.01024007797241211,
            "6_text_split": 0.005628108978271484,
            "7_drop": 0.004825115203857422,
            "8_merge": 0.008929014205932617,
            "9_text_embed": 6.498773097991943,
            "10_drop": 0.006354808807373047,
            "11_filter": 0.013199090957641602
        },
        "create_final_nodes": {
            "overall": 0.09684514999389648,
            "0_layout_graph": 0.011085033416748047,
            "1_unpack_graph": 0.006548166275024414,
            "2_unpack_graph": 0.006526947021484375,
            "3_drop": 0.005409955978393555,
            "4_filter": 0.011965274810791016,
            "5_select": 0.005425930023193359,
            "6_rename": 0.0053822994232177734,
            "7_convert": 0.019798994064331055,
            "8_join": 0.007849931716918945,
            "9_rename": 0.011697053909301758
        },
        "create_final_communities": {
            "overall": 0.1231989860534668,
            "0_unpack_graph": 0.007441043853759766,
            "1_unpack_graph": 0.007116079330444336,
            "2_aggregate_override": 0.0070078372955322266,
            "3_join": 0.008147001266479492,
            "4_join": 0.007989168167114258,
            "5_concat": 0.006498098373413086,
            "6_filter": 0.014561176300048828,
            "7_aggregate_override": 0.007462024688720703,
            "8_join": 0.008178949356079102,
            "9_filter": 0.01470184326171875,
            "10_fill": 0.006720066070556641,
            "11_merge": 0.007200717926025391,
            "12_copy": 0.006964921951293945,
            "13_select": 0.006967067718505859
        },
        "join_text_units_to_entity_ids": {
            "overall": 0.03113389015197754,
            "0_select": 0.00740504264831543,
            "1_unroll": 0.007842063903808594,
            "2_aggregate_override": 0.008260011672973633
        },
        "create_final_relationships": {
            "overall": 0.10025906562805176,
            "0_unpack_graph": 0.008992910385131836,
            "1_filter": 0.01671910285949707,
            "2_rename": 0.007838964462280273,
            "3_filter": 0.016805171966552734,
            "4_drop": 0.007949113845825195,
            "5_compute_edge_combined_degree": 0.009170055389404297,
            "6_convert": 0.01640009880065918,
            "7_convert": 0.008141040802001953
        },
        "join_text_units_to_relationship_ids": {
            "overall": 0.044064998626708984,
            "0_select": 0.008506059646606445,
            "1_unroll": 0.008823871612548828,
            "2_aggregate_override": 0.00924992561340332,
            "3_select": 0.008674860000610352
        },
        "create_final_community_reports": {
            "overall": 61.679890871047974,
            "0_prepare_community_reports_nodes": 0.009629011154174805,
            "1_prepare_community_reports_edges": 0.009431838989257812,
            "2_prepare_community_reports_claims": 0.009829998016357422,
            "3_restore_community_hierarchy": 0.010158061981201172,
            "4_prepare_community_reports": 0.018301725387573242,
            "5_create_community_reports": 61.59893584251404,
            "6_window": 0.014484882354736328
        },
        "create_final_text_units": {
            "overall": 0.08976912498474121,
            "0_select": 0.009800910949707031,
            "1_rename": 0.010443687438964844,
            "2_join": 0.01323699951171875,
            "3_join": 0.012044906616210938,
            "4_join": 0.011684179306030273,
            "5_aggregate_override": 0.012117147445678711,
            "6_select": 0.01042628288269043
        },
        "create_base_documents": {
            "overall": 0.11143827438354492,
            "0_unroll": 0.010811805725097656,
            "1_select": 0.010374069213867188,
            "2_rename": 0.010434150695800781,
            "3_join": 0.011960983276367188,
            "4_aggregate_override": 0.011142969131469727,
            "5_join": 0.012889862060546875,
            "6_rename": 0.01075601577758789,
            "7_convert": 0.022794008255004883
        },
        "create_final_documents": {
            "overall": 0.022596120834350586,
            "0_rename": 0.011124134063720703
        }
    }
}