{
    "total_runtime": 2490.27481508255,
    "num_documents": 1,
    "input_load_time": 0,
    "workflows": {
        "create_base_text_units": {
            "overall": 0.11290979385375977,
            "0_orderby": 0.0012242794036865234,
            "1_zip": 0.0013439655303955078,
            "2_aggregate_override": 0.0021681785583496094,
            "3_chunk": 0.09156489372253418,
            "4_select": 0.0016140937805175781,
            "5_unroll": 0.0019986629486083984,
            "6_rename": 0.0013849735260009766,
            "7_genid": 0.0020589828491210938,
            "8_unzip": 0.0017049312591552734,
            "9_copy": 0.0015790462493896484,
            "10_filter": 0.005182027816772461
        },
        "create_base_extracted_entities": {
            "overall": 1509.4256551265717,
            "0_entity_extract": 1509.416216135025,
            "1_merge_graphs": 0.007449150085449219
        },
        "create_final_covariates": {
            "overall": 206.9297389984131,
            "0_extract_covariates": 206.88968873023987,
            "1_window": 0.008154869079589844,
            "2_genid": 0.006726980209350586,
            "3_convert": 0.012195110321044922,
            "4_rename": 0.005133152008056641,
            "5_select": 0.005372047424316406
        },
        "create_summarized_entities": {
            "overall": 5.564156770706177,
            "0_summarize_descriptions": 5.561039924621582
        },
        "join_text_units_to_covariate_ids": {
            "overall": 0.01286005973815918,
            "0_select": 0.0033991336822509766,
            "1_aggregate_override": 0.006408214569091797
        },
        "create_base_entity_graph": {
            "overall": 0.018021106719970703,
            "0_cluster_graph": 0.010800838470458984,
            "1_select": 0.003657817840576172
        },
        "create_final_entities": {
            "overall": 737.5349650382996,
            "0_unpack_graph": 0.0053441524505615234,
            "1_rename": 0.00427699089050293,
            "2_select": 0.004091978073120117,
            "3_dedupe": 0.003988027572631836,
            "4_rename": 0.004419088363647461,
            "5_filter": 0.010297060012817383,
            "6_text_split": 0.004972219467163086,
            "7_drop": 0.004364728927612305,
            "8_merge": 0.008668899536132812,
            "9_text_embed": 737.4615390300751,
            "10_drop": 0.0059051513671875,
            "11_filter": 0.012980937957763672
        },
        "create_final_nodes": {
            "overall": 0.1596522331237793,
            "0_layout_graph": 0.010146856307983398,
            "1_unpack_graph": 0.006117105484008789,
            "2_unpack_graph": 0.00631403923034668,
            "3_drop": 0.004889249801635742,
            "4_filter": 0.06430792808532715,
            "5_select": 0.006998777389526367,
            "6_rename": 0.006422996520996094,
            "7_join": 0.010018110275268555,
            "8_convert": 0.032507896423339844,
            "9_rename": 0.007174968719482422
        },
        "create_final_communities": {
            "overall": 0.14149880409240723,
            "0_unpack_graph": 0.008477210998535156,
            "1_unpack_graph": 0.007631063461303711,
            "2_aggregate_override": 0.007260799407958984,
            "3_join": 0.008472919464111328,
            "4_join": 0.009341001510620117,
            "5_concat": 0.007444143295288086,
            "6_filter": 0.016667842864990234,
            "7_aggregate_override": 0.008332967758178711,
            "8_join": 0.009326934814453125,
            "9_filter": 0.022372961044311523,
            "10_fill": 0.007243156433105469,
            "11_merge": 0.007712841033935547,
            "12_copy": 0.007245779037475586,
            "13_select": 0.007511138916015625
        },
        "join_text_units_to_entity_ids": {
            "overall": 0.030406951904296875,
            "0_select": 0.007233858108520508,
            "1_unroll": 0.007591962814331055,
            "2_aggregate_override": 0.007948160171508789
        },
        "create_final_relationships": {
            "overall": 0.09641313552856445,
            "0_unpack_graph": 0.008461952209472656,
            "1_filter": 0.016149044036865234,
            "2_rename": 0.007353067398071289,
            "3_filter": 0.016479015350341797,
            "4_drop": 0.007846355438232422,
            "5_compute_edge_combined_degree": 0.008797168731689453,
            "6_convert": 0.015949249267578125,
            "7_convert": 0.007815122604370117
        },
        "join_text_units_to_relationship_ids": {
            "overall": 0.042337894439697266,
            "0_select": 0.008164167404174805,
            "1_unroll": 0.008532047271728516,
            "2_aggregate_override": 0.008932113647460938,
            "3_select": 0.008393287658691406
        },
        "create_final_community_reports": {
            "overall": 28.20433282852173,
            "0_prepare_community_reports_nodes": 0.01017308235168457,
            "1_prepare_community_reports_edges": 0.01016688346862793,
            "2_prepare_community_reports_claims": 0.010877847671508789,
            "3_restore_community_hierarchy": 0.010506868362426758,
            "4_prepare_community_reports": 0.0193941593170166,
            "5_create_community_reports": 28.121164083480835,
            "6_window": 0.012642860412597656
        },
        "create_final_text_units": {
            "overall": 0.08397603034973145,
            "0_select": 0.0093841552734375,
            "1_rename": 0.009723901748657227,
            "2_join": 0.011804819107055664,
            "3_join": 0.011413097381591797,
            "4_join": 0.011176824569702148,
            "5_aggregate_override": 0.011034011840820312,
            "6_select": 0.009877204895019531
        },
        "create_base_documents": {
            "overall": 0.1084299087524414,
            "0_unroll": 0.01046609878540039,
            "1_select": 0.010094881057739258,
            "2_rename": 0.010061979293823242,
            "3_join": 0.011918067932128906,
            "4_aggregate_override": 0.010775089263916016,
            "5_join": 0.012834787368774414,
            "6_rename": 0.01046895980834961,
            "7_convert": 0.0216519832611084
        },
        "create_final_documents": {
            "overall": 0.021724939346313477,
            "0_rename": 0.010751962661743164
        }
    }
}