{
    "total_runtime": 2491.8076841831207,
    "num_documents": 1,
    "input_load_time": 0,
    "workflows": {
        "create_base_text_units": {
            "overall": 0.12297701835632324,
            "0_orderby": 0.003843069076538086,
            "1_zip": 0.0015361309051513672,
            "2_aggregate_override": 0.003386259078979492,
            "3_chunk": 0.09269213676452637,
            "4_select": 0.0020940303802490234,
            "5_unroll": 0.0036401748657226562,
            "6_rename": 0.0014300346374511719,
            "7_genid": 0.0021820068359375,
            "8_unzip": 0.002180814743041992,
            "9_copy": 0.0017919540405273438,
            "10_filter": 0.007132053375244141
        },
        "create_base_extracted_entities": {
            "overall": 2191.938817024231,
            "0_entity_extract": 2191.922027826309,
            "1_merge_graphs": 0.01475381851196289
        },
        "create_final_covariates": {
            "overall": 257.7081286907196,
            "0_extract_covariates": 257.67973613739014,
            "1_window": 0.0030760765075683594,
            "2_genid": 0.005311012268066406,
            "3_convert": 0.009264945983886719,
            "4_rename": 0.0043680667877197266,
            "5_select": 0.00427699089050293
        },
        "create_summarized_entities": {
            "overall": 5.331555128097534,
            "0_summarize_descriptions": 5.328778028488159
        },
        "join_text_units_to_covariate_ids": {
            "overall": 0.011913061141967773,
            "0_select": 0.003072023391723633,
            "1_aggregate_override": 0.0057621002197265625
        },
        "create_base_entity_graph": {
            "overall": 0.016757965087890625,
            "0_cluster_graph": 0.010169029235839844,
            "1_select": 0.003384113311767578
        },
        "create_final_entities": {
            "overall": 2.230998992919922,
            "0_unpack_graph": 0.004719257354736328,
            "1_rename": 0.0036170482635498047,
            "2_select": 0.0038039684295654297,
            "3_dedupe": 0.00486302375793457,
            "4_rename": 0.003993034362792969,
            "5_filter": 0.009183406829833984,
            "6_text_split": 0.004532814025878906,
            "7_drop": 0.004288911819458008,
            "8_merge": 0.007653236389160156,
            "9_text_embed": 2.1623380184173584,
            "10_drop": 0.005924224853515625,
            "11_filter": 0.012679100036621094
        },
        "create_final_nodes": {
            "overall": 0.08877921104431152,
            "0_layout_graph": 0.01067209243774414,
            "1_unpack_graph": 0.006103992462158203,
            "2_unpack_graph": 0.006203889846801758,
            "3_drop": 0.0050313472747802734,
            "4_filter": 0.01143026351928711,
            "5_select": 0.005484104156494141,
            "6_rename": 0.005290985107421875,
            "7_convert": 0.01978921890258789,
            "8_join": 0.00833272933959961,
            "9_rename": 0.005427837371826172
        },
        "create_final_communities": {
            "overall": 0.12660813331604004,
            "0_unpack_graph": 0.0068891048431396484,
            "1_unpack_graph": 0.006696939468383789,
            "2_aggregate_override": 0.0075359344482421875,
            "3_join": 0.008095026016235352,
            "4_join": 0.007902860641479492,
            "5_concat": 0.006925106048583984,
            "6_filter": 0.014545917510986328,
            "7_aggregate_override": 0.007651805877685547,
            "8_join": 0.008117198944091797,
            "9_filter": 0.014770030975341797,
            "10_fill": 0.0066030025482177734,
            "11_merge": 0.0070493221282958984,
            "12_copy": 0.006765127182006836,
            "13_select": 0.011330842971801758
        },
        "join_text_units_to_entity_ids": {
            "overall": 0.02978205680847168,
            "0_select": 0.007111310958862305,
            "1_unroll": 0.007623195648193359,
            "2_aggregate_override": 0.007979154586791992
        },
        "create_final_relationships": {
            "overall": 0.09852409362792969,
            "0_unpack_graph": 0.008568048477172852,
            "1_filter": 0.016520977020263672,
            "2_rename": 0.0075070858001708984,
            "3_filter": 0.016641855239868164,
            "4_drop": 0.00776982307434082,
            "5_compute_edge_combined_degree": 0.008974075317382812,
            "6_convert": 0.016366004943847656,
            "7_convert": 0.008677005767822266
        },
        "join_text_units_to_relationship_ids": {
            "overall": 0.043582916259765625,
            "0_select": 0.00860905647277832,
            "1_unroll": 0.008947134017944336,
            "2_aggregate_override": 0.009145021438598633,
            "3_select": 0.008751869201660156
        },
        "create_final_community_reports": {
            "overall": 32.062870025634766,
            "0_prepare_community_reports_nodes": 0.00938105583190918,
            "1_prepare_community_reports_edges": 0.009224176406860352,
            "2_prepare_community_reports_claims": 0.009650945663452148,
            "3_restore_community_hierarchy": 0.010146856307983398,
            "4_prepare_community_reports": 0.018807172775268555,
            "5_create_community_reports": 31.982285737991333,
            "6_window": 0.014162778854370117
        },
        "create_final_text_units": {
            "overall": 0.08597779273986816,
            "0_select": 0.010006904602050781,
            "1_rename": 0.009934663772583008,
            "2_join": 0.012164831161499023,
            "3_join": 0.01147913932800293,
            "4_join": 0.011564016342163086,
            "5_aggregate_override": 0.011101007461547852,
            "6_select": 0.010165929794311523
        },
        "create_base_documents": {
            "overall": 0.11073112487792969,
            "0_unroll": 0.010690927505493164,
            "1_select": 0.010255813598632812,
            "2_rename": 0.010362863540649414,
            "3_join": 0.011924028396606445,
            "4_aggregate_override": 0.01104593276977539,
            "5_join": 0.012563943862915039,
            "6_rename": 0.01064300537109375,
            "7_convert": 0.02295398712158203
        },
        "create_final_documents": {
            "overall": 0.022127151489257812,
            "0_rename": 0.011037111282348633
        }
    }
}