{
    "total_runtime": 2091.9742188453674,
    "num_documents": 1,
    "input_load_time": 0,
    "workflows": {
        "create_base_text_units": {
            "overall": 0.11320614814758301,
            "0_orderby": 0.001232147216796875,
            "1_zip": 0.00127410888671875,
            "2_aggregate_override": 0.002805948257446289,
            "3_chunk": 0.08822417259216309,
            "4_select": 0.0015270709991455078,
            "5_unroll": 0.003930091857910156,
            "6_rename": 0.0013570785522460938,
            "7_genid": 0.0021750926971435547,
            "8_unzip": 0.001756906509399414,
            "9_copy": 0.001531839370727539,
            "10_filter": 0.0062961578369140625
        },
        "create_base_extracted_entities": {
            "overall": 1315.1382629871368,
            "0_entity_extract": 1315.1247460842133,
            "1_merge_graphs": 0.011291027069091797
        },
        "create_summarized_entities": {
            "overall": 5.44389796257019,
            "0_summarize_descriptions": 5.441720008850098
        },
        "create_base_entity_graph": {
            "overall": 0.015453100204467773,
            "0_cluster_graph": 0.010228872299194336,
            "1_select": 0.002624034881591797
        },
        "create_final_entities": {
            "overall": 737.1358819007874,
            "0_unpack_graph": 0.003904104232788086,
            "1_rename": 0.0028429031372070312,
            "2_select": 0.0028078556060791016,
            "3_dedupe": 0.0029449462890625,
            "4_rename": 0.0030069351196289062,
            "5_filter": 0.008033990859985352,
            "6_text_split": 0.00366973876953125,
            "7_drop": 0.003228902816772461,
            "8_merge": 0.007923126220703125,
            "9_text_embed": 737.0772140026093,
            "10_drop": 0.005398988723754883,
            "11_filter": 0.01214289665222168
        },
        "create_final_nodes": {
            "overall": 0.08499312400817871,
            "0_layout_graph": 0.010421037673950195,
            "1_unpack_graph": 0.005812406539916992,
            "2_unpack_graph": 0.006558895111083984,
            "3_filter": 0.010812997817993164,
            "4_drop": 0.004876136779785156,
            "5_select": 0.004899024963378906,
            "6_rename": 0.005073070526123047,
            "7_join": 0.008333206176757812,
            "8_convert": 0.018280029296875,
            "9_rename": 0.005194187164306641
        },
        "create_final_communities": {
            "overall": 0.12114191055297852,
            "0_unpack_graph": 0.006323814392089844,
            "1_unpack_graph": 0.006470918655395508,
            "2_aggregate_override": 0.008120059967041016,
            "3_join": 0.008054018020629883,
            "4_join": 0.008208990097045898,
            "5_concat": 0.0060558319091796875,
            "6_filter": 0.014431953430175781,
            "7_aggregate_override": 0.007536888122558594,
            "8_join": 0.008678913116455078,
            "9_filter": 0.014969825744628906,
            "10_fill": 0.006754159927368164,
            "11_merge": 0.007072925567626953,
            "12_copy": 0.006751060485839844,
            "13_select": 0.00687408447265625
        },
        "join_text_units_to_entity_ids": {
            "overall": 0.029667139053344727,
            "0_select": 0.0069119930267333984,
            "1_unroll": 0.007884740829467773,
            "2_aggregate_override": 0.008252859115600586
        },
        "create_final_relationships": {
            "overall": 0.09723091125488281,
            "0_unpack_graph": 0.008765935897827148,
            "1_filter": 0.01593184471130371,
            "2_rename": 0.007955074310302734,
            "3_filter": 0.016445398330688477,
            "4_drop": 0.007617950439453125,
            "5_compute_edge_combined_degree": 0.00871586799621582,
            "6_convert": 0.016589879989624023,
            "7_convert": 0.007729768753051758
        },
        "join_text_units_to_relationship_ids": {
            "overall": 0.04833793640136719,
            "0_select": 0.008067131042480469,
            "1_unroll": 0.008589982986450195,
            "2_aggregate_override": 0.00919485092163086,
            "3_select": 0.014802932739257812
        },
        "create_final_community_reports": {
            "overall": 32.177865982055664,
            "0_prepare_community_reports_nodes": 0.00873112678527832,
            "1_prepare_community_reports_edges": 0.008810997009277344,
            "2_restore_community_hierarchy": 0.009641885757446289,
            "3_prepare_community_reports": 0.01778697967529297,
            "4_create_community_reports": 32.10966897010803,
            "5_window": 0.014761924743652344
        },
        "create_final_text_units": {
            "overall": 0.07059097290039062,
            "0_select": 0.009010791778564453,
            "1_rename": 0.009064912796020508,
            "2_join": 0.011359930038452148,
            "3_join": 0.01116490364074707,
            "4_aggregate_override": 0.010757207870483398,
            "5_select": 0.010405778884887695
        },
        "create_base_documents": {
            "overall": 0.10593509674072266,
            "0_unroll": 0.009888887405395508,
            "1_select": 0.009437084197998047,
            "2_rename": 0.009646177291870117,
            "3_join": 0.011581182479858398,
            "4_aggregate_override": 0.01065206527709961,
            "5_join": 0.012405872344970703,
            "6_rename": 0.01012873649597168,
            "7_convert": 0.02295684814453125
        },
        "create_final_documents": {
            "overall": 0.020355939865112305,
            "0_rename": 0.010411977767944336
        }
    }
}