{
    "total_runtime": 272.7173981666565,
    "num_documents": 1,
    "input_load_time": 0,
    "workflows": {
        "create_base_text_units": {
            "overall": 0.11211323738098145,
            "0_orderby": 0.0012319087982177734,
            "1_zip": 0.0013020038604736328,
            "2_aggregate_override": 0.002104043960571289,
            "3_chunk": 0.09073400497436523,
            "4_select": 0.001558065414428711,
            "5_unroll": 0.0019421577453613281,
            "6_rename": 0.0014019012451171875,
            "7_genid": 0.002067089080810547,
            "8_unzip": 0.0016639232635498047,
            "9_copy": 0.0014789104461669922,
            "10_filter": 0.005466938018798828
        },
        "create_base_extracted_entities": {
            "overall": 127.80633187294006,
            "0_entity_extract": 127.78825902938843,
            "1_merge_graphs": 0.01612687110900879
        },
        "create_final_covariates": {
            "overall": 74.75362801551819,
            "0_extract_covariates": 74.72224736213684,
            "1_window": 0.006231069564819336,
            "2_genid": 0.004982948303222656,
            "3_convert": 0.00961613655090332,
            "4_rename": 0.0041658878326416016,
            "5_select": 0.004085063934326172
        },
        "create_summarized_entities": {
            "overall": 14.773880958557129,
            "0_summarize_descriptions": 14.771076917648315
        },
        "join_text_units_to_covariate_ids": {
            "overall": 0.012955904006958008,
            "0_select": 0.0035390853881835938,
            "1_aggregate_override": 0.006363868713378906
        },
        "create_base_entity_graph": {
            "overall": 0.018124103546142578,
            "0_cluster_graph": 0.011567115783691406,
            "1_select": 0.0033469200134277344
        },
        "create_final_entities": {
            "overall": 1.2562041282653809,
            "0_unpack_graph": 0.005439281463623047,
            "1_rename": 0.0035588741302490234,
            "2_select": 0.004210948944091797,
            "3_dedupe": 0.003999233245849609,
            "4_rename": 0.004029989242553711,
            "5_filter": 0.00979304313659668,
            "6_text_split": 0.004910945892333984,
            "7_drop": 0.00469207763671875,
            "8_merge": 0.008478164672851562,
            "9_text_embed": 1.1818270683288574,
            "10_drop": 0.00710606575012207,
            "11_filter": 0.014573812484741211
        },
        "create_final_nodes": {
            "overall": 0.09351873397827148,
            "0_layout_graph": 0.012330055236816406,
            "1_unpack_graph": 0.0066950321197509766,
            "2_unpack_graph": 0.006821155548095703,
            "3_drop": 0.0052487850189208984,
            "4_filter": 0.011368989944458008,
            "5_select": 0.005464076995849609,
            "6_rename": 0.005361795425415039,
            "7_convert": 0.020856142044067383,
            "8_join": 0.008495092391967773,
            "9_rename": 0.006095170974731445
        },
        "create_final_communities": {
            "overall": 0.1324598789215088,
            "0_unpack_graph": 0.007584095001220703,
            "1_unpack_graph": 0.007406949996948242,
            "2_aggregate_override": 0.01291799545288086,
            "3_join": 0.00846099853515625,
            "4_join": 0.008888006210327148,
            "5_concat": 0.006749868392944336,
            "6_filter": 0.01508784294128418,
            "7_aggregate_override": 0.007734060287475586,
            "8_join": 0.00839686393737793,
            "9_filter": 0.014827728271484375,
            "10_fill": 0.006972074508666992,
            "11_merge": 0.007349967956542969,
            "12_copy": 0.007031917572021484,
            "13_select": 0.007137775421142578
        },
        "join_text_units_to_entity_ids": {
            "overall": 0.0321352481842041,
            "0_select": 0.007500171661376953,
            "1_unroll": 0.00838017463684082,
            "2_aggregate_override": 0.008996963500976562
        },
        "create_final_relationships": {
            "overall": 0.10220909118652344,
            "0_unpack_graph": 0.009196996688842773,
            "1_filter": 0.01617574691772461,
            "2_rename": 0.008201122283935547,
            "3_filter": 0.017256975173950195,
            "4_drop": 0.00806570053100586,
            "5_compute_edge_combined_degree": 0.009646177291870117,
            "6_convert": 0.016849040985107422,
            "7_convert": 0.008991003036499023
        },
        "join_text_units_to_relationship_ids": {
            "overall": 0.045304059982299805,
            "0_select": 0.008414983749389648,
            "1_unroll": 0.009351968765258789,
            "2_aggregate_override": 0.010225296020507812,
            "3_select": 0.009129047393798828
        },
        "create_final_community_reports": {
            "overall": 51.5863311290741,
            "0_prepare_community_reports_nodes": 0.009325981140136719,
            "1_prepare_community_reports_edges": 0.009404182434082031,
            "2_prepare_community_reports_claims": 0.009829998016357422,
            "3_restore_community_hierarchy": 0.036321163177490234,
            "4_prepare_community_reports": 0.024966955184936523,
            "5_create_community_reports": 51.47157287597656,
            "6_window": 0.01599574089050293
        },
        "create_final_text_units": {
            "overall": 0.09753918647766113,
            "0_select": 0.009828805923461914,
            "1_rename": 0.009472131729125977,
            "2_join": 0.02295088768005371,
            "3_join": 0.011810064315795898,
            "4_join": 0.012079238891601562,
            "5_aggregate_override": 0.01134800910949707,
            "6_select": 0.010563850402832031
        },
        "create_base_documents": {
            "overall": 0.11592864990234375,
            "0_unroll": 0.010760068893432617,
            "1_select": 0.010315895080566406,
            "2_rename": 0.010392904281616211,
            "3_join": 0.01267099380493164,
            "4_aggregate_override": 0.011497020721435547,
            "5_join": 0.014549016952514648,
            "6_rename": 0.01164102554321289,
            "7_convert": 0.02385401725769043
        },
        "create_final_documents": {
            "overall": 0.022142887115478516,
            "0_rename": 0.011206865310668945
        }
    }
}